<configuration>
    <appender name="consoleAppender" class="ch.qos.logback.core.ConsoleAppender">
        <encoder class="net.logstash.logback.encoder.LoggingEventCompositeJsonEncoder">
            <providers>
                <timestamp/>
                <pattern>
                    <pattern>
                        {
                        "level": "%level",
                        "class": "%class %L",
                        "message":"%replace(%message){'null',''}",
                        "json_message": "#asJson{%message}"
                        }
                    </pattern>
                </pattern>
            </providers>
        </encoder>
    </appender>
    <logger name="jsonLogger" additivity="false" level="INFO">
        <appender-ref ref="consoleAppender"/>
    </logger>
    <root level="INFO">
        <appender-ref ref="consoleAppender"/>
    </root>
</configuration>
